interarrival_times,lock_times,unload_times
47.50909196096859,10.28844486032663,17.35777184364917
25.47864681217163,3.0054009965643287,21.184747031106163
41.66155381606998,5.997798220348407,14.296230624223142
39.674972233629894,35.83584663264932,10.144854764669738
36.903170028564155,3.4148008755377863,11.568140326343187
28.03603124939461,2.019388770844061,21.078455478683857
32.366340067390155,23.670790547258637,17.791980803099637
47.17543605745235,60.969853150256,12.339080480619561
18.62525249941659,11.186701774803543,12.137819111153615
49.31942185302517,1.700791610216263,11.55099233211666
46.128278320638884,4.813016376744616,12.107428097707885
23.9387033846819,1.8523023851976887,25.698339099723277
28.863475354048884,0.0,13.053020106324686
38.97340440313738,9.030820917261142,15.398320029960617
28.1155535692973,8.984462141456444,16.312247774194553
32.69961501858312,0.7086236159492405,13.563267765919171
33.600136511786395,6.769459090003586,16.233690317589126
49.56478063211789,3.55840047302468,21.448833555319666
26.06772643152049,2.263385513259678,13.627516976304655
21.021970496299367,22.399909747218235,16.40639767837058
27.610345144489024,37.38619825657348,18.18455157763869
59.577054734511975,4.408669328930013,21.86216065445591
11.979099579857575,9.663002262130194,15.155070112174563
28.536139898371182,0.8908226608497695,12.059684949676015
56.93496025542844,0.0,15.352338320726494
41.86197513881221,1.4577921824456606,17.782375013305504
49.85541693978187,32.57348265370111,18.626793918443557
21.07907935400297,9.740911287353416,16.473132737028404
13.060489851195905,4.271065654791307,13.699183393443118
35.957784386405045,0.6328945566617337,14.449232279260299
56.12139598256711,11.31050134202741,17.94493355646665
45.31379855684383,2.349019816674123,19.73079229785706
27.39370780455722,19.03623823528243,12.66115636614852
42.489445321868864,8.267038195370533,16.070722596576992
56.395204550604426,2.1596905020384765,16.474486307336775
54.14503674397195,9.91193431307508,19.97206517613151
55.8536967109762,9.029545396727016,16.700250189226924
56.32470410001184,9.741893327142375,15.561147757574181
58.982397051459955,2.7520648013266857,10.833865384221884
46.71387162424606,17.366914580516173,11.152499314119668
31.073545134350404,1.0339090292821633,9.037079808976076
40.65658866169873,11.24570395518121,11.103019828552062
44.80094668661779,5.712031496985448,16.964098320218046
24.235214179944453,10.674928092189067,14.881849907065703
58.95619545000599,9.733310660975901,17.933297556871427
58.05211065662153,2.2789341191931682,12.61862716510152
58.88674315222688,6.888111351738815,13.914200114797172
57.89954740133496,18.772104928774098,13.58202581336596
33.85362583132378,11.942881539010964,14.662880724534126
48.758727929935965,6.9665523421670885,14.551839841506377
43.27055483104402,19.82360262271131,13.759098164458862
22.10550919575496,5.1709182756224505,20.044946411289136
49.97639170998193,12.68795984587025,11.622503548120585
39.634950197115465,10.102809566040294,14.496995349898715
15.59523788409129,1.7246715442281875,13.888539007558098
56.80926532605642,39.98482737216572,19.095954131040646
18.313958262115275,10.774422648281007,18.95154414862942
43.4242368277141,7.495199925688086,15.404140372689506
29.181364307942612,5.337158746085801,18.56745518821646
20.892716296792766,7.014520335869966,18.48452696480418
12.486569570680416,2.07973943895977,16.52003660889654
33.40111959312783,10.267118195935728,12.443940336726751
55.86178803716732,27.446495540869325,16.02240436877511
42.493731509281375,6.647972616116998,14.666161849390564
51.76279087592096,43.00300199153736,16.96818972954556
26.984061664508978,6.015435891260514,16.935123122081038
24.677830321121142,3.842570887358898,12.592040636781995
42.45097747971993,21.29330755037209,14.691588660010073
33.52279811785645,23.13765059167161,17.339940020422265
57.67718096047781,3.139181772602011,14.20427901461219
47.446659761367854,8.81664099909582,13.295288193054853
20.08503129034276,4.902392564929715,16.37679005113343
36.42638755320171,4.624293703414648,11.938929288480034
48.46828266755579,40.285497109263936,16.349663245325424
31.576975383233105,6.636068599925725,14.663709018199807
47.47814479204992,11.502390437865374,17.095703199687915
43.98150112411197,29.18218556608599,16.616623911991162
39.16583472521307,20.65076506338199,15.789287683433225
47.646437761030484,5.642490198482437,10.642920022398764
18.52726556368802,2.427412133918441,12.468735267297928
21.25724162558546,34.41141711609582,8.892267092838642
37.623101050151206,1.879001239880161,17.626810864509537
57.82245320933126,14.195528352628731,14.936047600997332
37.659920520961194,11.997625334599217,16.306349830467457
23.364060457706145,27.80834261694082,22.616992025033507
32.15734846672065,0.43195959189033767,15.77295805238715
24.717328765066156,2.1457417950899758,16.18926677158693
9.90966742663079,20.897337606101235,10.598206233808277
19.517466936670868,4.518193936922831,15.330926104687302
59.654404589086695,4.291996772453439,18.43373213821394
46.86424442135019,2.584333074078738,17.86154977260348
47.50181296010278,0.856000408879222,12.259747659884141
33.80904667045828,3.4062047602252834,13.362557838585161
42.07029597156714,3.8728553002256936,19.190442593308614
35.342199014636826,1.6217584309293296,15.513886443338183
13.015426181577881,14.179701412823285,18.97976297742002
34.74722817716919,2.4952456163631527,9.996078032877193
44.54375547337624,12.663044509369003,15.035364728299498
54.59709990504674,8.466455461972604,13.634587528706012
30.98328763854825,0.894842021377637,18.066772794783756
52.82293894197963,18.363650725402064,25.175423089192222
35.76591375518377,6.5594852395709875,15.433962796545073
13.593080047294931,7.038802424294852,16.72880931637467
24.108615196248664,10.107121620706634,17.444836452118818
14.197144898083073,0.0,13.541591996895013
22.13339375782138,11.394554604295374,16.086827906359204
15.42309400306617,1.5270874671987298,13.55485311155817
43.58250343330542,18.398949528830464,11.24683620367534
54.90993246424701,19.606520726312677,16.991514699573656
53.97885176662001,18.438276610567222,8.570764786670221
20.31893553370806,24.29793400262698,19.210485860590214
12.277815578490024,1.5603552735560866,9.819383446567421
46.665415079080226,9.563385612255413,20.378842059235474
12.616946471494634,3.642752389302458,24.656905722701286
23.597484969381732,21.096357868147752,16.110968943506407
38.036309159680854,18.8054430303338,17.21431974303354
13.729738961924078,11.173580617555244,22.34183847092144
54.81167569994019,2.1800394924470092,19.817600581315173
16.14000498796417,5.84294820250596,13.030426115205028
20.253994225584268,4.179210534553841,18.943610642063746
19.32053191106496,7.604349182728245,13.01317082134077
48.19506561794466,9.674633581355746,15.56841171775539
42.29497344350847,0.9617571577629034,7.832906987503839
41.802048822796735,6.6405350194033375,15.994176937624118
28.881262562737305,28.339181715677775,21.09864247381329
14.984086548455721,4.103777776350737,13.788679566780736
14.612465852110752,8.446276567481158,19.494283950519005
30.717145326723358,6.591805190143398,5.754080531575159
23.589712217534597,9.449906865655576,25.47261224632647
24.35495632870741,29.336080846692408,24.730868339981804
37.488811273451155,29.449742993841515,16.002372895696208
29.966618758683655,14.663317014563837,18.053949584773687
53.76496851297526,9.969710133916413,18.238224260976217
26.919881570755706,31.935594484543003,10.575630704877184
39.25201356136784,3.978756293790049,15.267307851672534
23.60772536325024,3.952665882039175,12.410036217511893
23.205894690038335,19.816379242145892,14.318371746417908
45.6052282161337,2.9393217044705366,17.432012507424055
33.321050770709775,12.275739948742261,13.112821227944531
53.581634338372744,37.98527515751309,17.458767247554007
27.214605178877665,1.3125381649817183,12.987953179051091
43.0362483869425,5.572728119386569,11.76626831524756
13.420741389462668,2.884395340692553,12.4281559481518
18.09284387417543,10.183876245053941,19.028022548910762
16.569936957026382,28.781415740856367,15.576575295749144
52.96628876745979,11.903850002715759,21.047856886543467
23.330943997969193,0.8477471967909604,15.607440867483167
39.23410088959984,0.0,26.13786221172408
22.703470553941017,5.338241006882483,13.242717675633344
38.88630553509783,8.323131044390513,12.914068810374129
35.7641724653913,11.285083843157853,16.53262942326477
13.34782363659949,3.39132453657456,13.163355353381798
46.250979726832796,9.094006056914022,17.706456471900072
52.01234056679518,4.50449979746241,19.70666802255774
24.618533352074,21.87171212848276,18.60512628886484
37.51658312062715,3.7245131848524884,20.644213473616098
16.08478152335122,10.62336380529932,13.105016230263757
15.472429661212312,2.3340498635593283,14.833781816058828
42.615541094427826,24.213507068512907,9.85739381713649
49.27389805421457,1.4787863750032808,16.681960518946376
17.881577316496394,2.6105236071055407,24.817843002010395
28.51471736427459,6.892115484004802,13.140478462460486
18.43773146135609,7.754510694350927,16.343500969775953
52.04901520127835,5.627748343439065,17.91647338021652
13.614780732731422,17.840703660988048,19.222927444651148
16.236853863359546,44.71532561130008,15.249756066585942
14.567077518708686,73.10255926521006,20.619488454938733
26.4379427877123,12.065225095169705,18.069677785126615
25.95616458628778,4.996299831210037,19.732367142988977
23.54884798215499,6.734086319822081,17.44639099100768
17.79640732828727,2.2236426586109115,16.66732548995724
28.33774360573172,1.6205698428140056,12.299818052717159
13.268711017252716,14.522803303063306,21.046102448433434
47.09980794796142,2.8740936898607616,16.451750573465397
34.9717193697022,0.0,13.772726834564788
46.06287455282002,0.9513511049647527,20.85743651519496
16.15370247028304,28.66889327292781,20.766620287023816
41.080001985693094,25.366495082827218,13.791698412940233
29.9527556167885,21.8148257538294,16.639125217542603
46.192864578503766,33.47618959737909,19.751373626311864
10.248130156748267,18.85439207690543,14.73475800763128
36.89209949855497,19.833464048579426,12.2956237258181
39.33071345457701,31.02098422409017,18.24271245988347
12.689761942085767,5.245223701748331,16.560669341141093
33.17849243908422,6.133543218802672,13.265898748205887
46.93321901112422,2.5145000005645395,22.697298720640124
41.25844793092133,11.351770350193805,16.01281909145065
19.67928778201349,33.930140116005965,12.946344425686245
28.844791633566526,12.618967310039706,15.10852786624585
34.42530338274599,13.396917278240364,16.0003315861975
50.457312530334484,3.1560956888586245,13.434989065456374
37.03183866990713,0.0,20.044556141936347
47.25254432324714,19.961800401678122,7.875572596238284
43.36853142284966,20.435978747290115,16.611908746097384
11.898665943622758,1.764218115353976,13.161333475268584
30.91404741149572,8.515503642014618,19.749446314578133
51.888631221773394,3.9896176081967925,13.211881390827212
53.612484917239655,35.25538639295069,18.855423235014726
13.60299320446382,1.7565197002565704,15.343551791422165
27.363685307047458,10.042709805184177,13.738274345747616
46.51615745668193,38.36631123695491,15.13161214284161
28.301234638002658,2.908057929290072,13.181482732269796
18.233480920982274,2.1883066130116298,14.347893870323075
28.688654737636767,9.165858896595719,15.101691367869972
41.16507722233564,0.0,14.998768563549241
36.92126018097971,16.36056315715946,17.523007294184204
22.40514582159896,0.8919296565635244,13.410586843844804
31.810019066402756,13.178540358864126,13.774293630266127
46.949157478011735,3.9492538607150203,14.104855932241644
14.060726148593261,12.124313869467594,13.894425603218956
22.538841352506683,16.864762063231645,12.91685318649063
34.85637913734999,8.768470023012428,19.661361391549836
55.50938800539198,7.201162224228394,17.677611955494697
43.89238466338792,18.9110161572139,11.62089164139513
19.481330904737625,4.170717093303301,16.155597165139763
57.77318730152323,5.380512633284268,11.680971451197014
16.116673871689198,18.626615940770936,11.25166685612997
19.35231340505321,0.8044464047971841,16.087178821671035
35.11095507488437,25.20373543341523,16.16881255916117
24.478347523017675,6.095075239979797,17.534724601270817
55.214183029509634,7.6750676408548895,16.48412894799607
53.96310420432308,1.4345189169151173,14.648735280450808
49.45941649802746,0.4986374429685939,14.528956541508409
34.17385748141371,14.6561110507029,20.491094161011592
39.08592287741178,16.31352621564203,13.614352681683538
22.663576378334163,17.05896221174119,13.949097397010394
55.11337858709672,26.158738444161404,11.964936010683923
54.52524331766056,8.263719572551809,19.935666261813463
26.960415030846555,6.075786256718152,15.364730728315134
37.1872209122462,3.2319374526849702,13.100515995058277
58.61727079490953,7.904285757418567,13.463073231811943
31.51079303656713,10.929520971987357,17.53184080798984
37.73680938377028,4.6706811113788,13.081926486128276
59.79639473193324,16.90848148600644,14.259216618877986
49.956189218417215,17.56687845589498,18.37610938200904
55.85484648685796,2.3972123194480535,16.918018595770533
46.13801994706843,5.713888598361999,15.723642564899567
32.74679395552783,11.91196562416826,16.090144826146542
18.85617046022388,3.6324774960989705,16.69525850419685
39.06338351532942,5.595050751583612,11.914764301303505
40.896167291217374,7.778328874944147,14.152341871361811
45.65468786209586,0.6439877337247903,16.033537626450578
41.72466769925216,4.583228314567602,15.230408373232823
12.991771298766768,13.640972193810947,19.36021788280806
59.37066041225876,2.5855513263372174,11.732508083334086
55.58721040254921,7.8565212407460585,22.21429185411898
39.458836912631185,36.54777889870365,16.731880451803086
47.1331428673697,6.116080714675851,17.403985844072697
38.858887134099554,5.88705666175487,19.875817760680174
31.828534856085874,4.6481551825218475,15.639186450673593
57.639883720948696,3.9523104210151043,9.975841679227406
33.906391572698105,15.616088646483563,16.297614525768587
20.328552750260638,5.435481664806048,14.899428824114278
34.18396396152381,5.877543276397492,19.606665189403376
14.45984092811626,7.514282642964443,14.470576828454805
41.21817337255565,8.805480441240134,15.424360160831524
14.55916038747215,6.233729652707744,15.81305193929637
39.8655494781179,26.661290218273457,15.655538051041498
57.709210727961114,14.74947353003483,13.166929291495737
23.076985517255636,5.921057771685133,15.539662809792667
38.2224916447735,29.800704235145645,9.99612879023055
30.4597499849371,1.306296527333188,9.059526027833451
14.021552816225075,3.132704099022164,13.851312840735694
39.38408991669677,5.15977279723894,16.780195234720154
55.17341358753055,17.109098077773158,17.346161859864303
11.647210579337656,6.937803468837767,22.074732173284616
36.90661268230734,4.617567691770625,11.872070661475224
26.89685058434035,4.517535076684425,14.846962830508623
46.36489177097773,4.253382193385131,8.692265472276306
49.646219388944,11.811489192324277,14.848539296105312
54.15307420520727,3.847221010872273,18.24270091485867
52.32419762905029,4.625361589776251,19.46165458749657
27.98581366257075,10.037855532775035,13.736649710118758
18.52767350183668,6.938498219296395,16.64704428209757
30.447804828441303,23.079437879083965,20.08826316364304
13.202631564912872,44.26551453682662,12.071301019214058
53.424416186845825,64.45434454092701,16.76430660212038
34.74877460618931,0.0,16.919394862975558
38.458741413004276,14.980541739958081,21.432706360153613
34.17885751256215,14.385605505766529,14.617157292317199
35.62932861319437,8.857194107281352,18.707647277990105
37.451336163245074,5.3877835737348905,13.530483309748451
55.08331826960708,3.5821521550538042,12.393022662606931
30.363421831105875,3.010569899574761,14.976631380181955
15.567422017569688,18.866125429815497,12.835148835044865
15.247387870028058,22.1676312972589,15.243756191698488
11.717813328687752,11.404907568429277,8.801229448538214
21.565828174914298,41.73879991375092,18.50338922790124
34.538123650329766,2.637042646626133,9.993664101600167
25.23805244671032,13.688863266817092,11.912589145374934
22.000519878492234,5.686758900596172,17.115132728848796
34.95007004324526,10.40901657715216,13.212976801531262
58.77605696010695,14.520504669312603,10.168118561052879
31.060630213494647,6.817403961510109,16.58791657953651
52.31422001113039,10.559595261864196,14.103025518146403
40.37657249240123,36.57720762201459,18.68391786538756
48.576307681811706,2.0677842011666376,13.403343184217247
40.60087079886732,4.292306816326239,19.744398927948232
26.515449922843356,25.523514732367495,14.565637736255551
45.366269201198314,17.39123401440115,14.692551699320695
55.66507477226951,11.146017778715176,17.61475559847051
33.00630363068697,3.467298770515254,17.019477285720246
17.394669407213776,4.74632212265466,12.418217317884421
13.120802602655791,1.8729708430177117,12.508139484248616
46.64059653974258,0.0,11.419721963954006
19.117894548467937,2.3375688299001918,17.606905714295696
33.66488552300496,2.756412062774677,17.624212593098846
25.88508949787141,6.814536848404421,21.884199916407074
30.387427069936095,4.29775308171727,18.150724047706603
53.78861936990875,1.3432619121778193,15.030392059070916
54.107193501997465,2.834279172508203,16.314929666053615
10.163758233085813,22.47183599269137,16.537907871332614
26.192759268744638,0.0,14.090206878972685
46.39884970227959,1.0134154703133778,20.77258027094323
32.74128593402674,11.390581229660096,16.730075206951717
15.01932351806892,3.5132866571666206,16.068211852684573
37.35571107845512,2.505407858831018,17.473787717698528
54.1501718712113,7.036494776274874,15.077219030446575
20.776055852248863,18.417890946312703,21.322547600293856
25.326830296536812,7.9630993164729,20.93553153808669
40.54240752369606,3.341849995474805,14.995761322181306
42.75589492207078,1.3397938108083025,22.06571799845012
41.04695121706774,11.855912612191462,12.628020068540833
30.45624941487521,6.5007813983246825,17.049409660137524
22.503192768747883,18.37343656252754,13.897839431400374
44.445566204225656,12.661818241511227,14.909704547859572
32.16229819337037,22.982255314884053,14.122912016350734
30.60406517532981,1.9623648417663426,13.497329721402032
26.38955087563923,31.10242885845326,16.782873180114073
22.914913647000567,9.807680295548634,14.452094548087784
33.626462964500924,14.382646735817616,12.528025440510365
28.66433388698478,1.5204078898470919,15.16442217647172
22.00596699569546,2.209120026694721,12.306942982221154
22.044112154779373,6.453629754300666,17.59938375779106
58.06543235411948,4.3601643081456185,23.889923024563707
37.54030867990684,1.8946275668881496,20.63979381779483
12.79004003348667,9.256022213851656,18.93740542137658
48.54729320995097,7.274972406832277,15.686652711600166
12.039956624575225,1.6562127431715783,16.24123810147979
45.58769871383791,20.832225977821384,10.344048174587188
19.789082559526925,10.591887767309029,18.17272045949014
21.008214079122126,18.18114146696627,20.158950615449225
38.80120155862727,34.1895192087483,17.87098350526983
60.40809944603563,0.3709412102352694,15.258890495718413
42.761588332844745,29.76565764733529,13.594990003065224
20.521823400900843,2.0753853576301386,18.538249155702403
26.611032028371,6.181089442099295,19.68737710745086
55.88216748491722,25.593704667222255,16.838103466033886
32.63515489585602,2.9532461552590323,21.15932735327722
17.086268643985754,27.217964294695513,23.204468692543486
28.553828272101335,10.776428029922014,19.517269375248514
56.21089100389824,2.164645453110377,18.565386701352793
24.312152785514257,7.506169721406136,14.399201282451264
26.035474224210954,4.71411913058046,15.50440661655229
58.95102002151146,0.5336183353511684,15.88758752771032
56.62805909709886,0.894849295573533,12.033343637906745
32.5856671211349,6.3103026064157755,16.463522730730347
25.70780206328077,7.993907048505209,16.253979459601673
18.356576667581333,0.0,16.747702507571372
57.36166253466786,10.764260357731262,21.22828689964582
38.90905101685632,16.55743931557253,17.589315194016685
54.0635370691037,0.0,17.150762465634966
53.12409876706056,1.9142542238949496,16.2743607552651
45.94547183014837,15.344688135548903,17.652344643240323
54.926038749253394,3.7550179233735053,11.327287157493044
25.10306967257364,0.42703578731400615,15.23220160199776
12.372114779392804,0.9013308451413673,15.708583765938254
15.118928488706688,29.302840621409377,14.346502002327783
60.077591667222876,1.7136300335709294,16.627375767235364
41.35155540993823,10.560394028376269,18.851618605427014
36.299072068732094,17.8835710748691,12.732761390595636
13.171209649993635,9.297089084419957,21.346037648209226
38.84425190283312,23.496024821968817,18.10064342962484
29.045080390120532,3.5884245427365444,19.451770312466795
56.85317665558872,23.485226271141634,15.381115390689848
30.637365464012245,0.8611189114106085,10.621137709218349
34.716194587904006,6.8744661435665275,17.058823445529228
21.407301368141564,1.2036654375106641,18.586589041240263
23.16589728443655,1.4964209203338807,14.312269890956049
11.673865628010612,1.7972287709758619,17.754665903869416
47.081073650466685,11.88820510265978,12.31204023887961
55.22400324588165,18.856407762038987,16.314534551678296
25.55483528463216,10.621256246949342,13.518070244429245
20.48587123675118,18.96877348478581,15.823965197632372
48.575269389456395,0.0,17.25504135243253
44.42396477550418,5.678673194196823,13.700487324047725
36.988801657183295,15.50766327262196,18.753079707752804
13.322432984603946,3.4125011784373065,16.46962685300129
28.402481115181658,10.585324082942858,15.317852542408946
56.8238196333123,5.1388597687180795,9.342687455491433
51.96712147101886,2.0784588842743164,13.177573478939147
45.422471514781485,6.2231033373184435,14.452791773063915
59.82245155453413,14.410785040079444,11.918104149803046
46.04734850328332,11.98145636441532,16.462234367191183
20.39893774963992,17.898133104600806,12.270972582125662
38.01525489090159,0.21375111798832624,11.196148627279953
54.698157591181904,9.78552202180342,13.753480753963885
18.062024012141716,17.721108140648305,12.344788715154014
45.533427137624145,1.7976374205697343,19.107526185183822
20.62350248011341,10.627267280923494,14.121859020247438
35.56623588737587,0.0,18.74132573703006
34.87459687203585,3.2661315032231713,16.07512048258102
29.549726788376535,0.5493261815132828,16.07482113817093
35.91236877749179,2.782872417931122,17.518395136651716
45.62079659976815,22.822135764925026,11.84823183369125
31.23903396186217,19.085280678876014,15.036599299041901
17.872179324976717,0.0522214360537937,19.599997879136627
44.62841493449486,4.549800189707847,22.894278613029638
20.04026386259146,5.072537743347123,22.066589416974747
17.03392844917756,9.55641222615862,15.793167841017437
29.11158991238954,10.368712328182225,17.63138826243175
48.57458450861833,11.581173386505094,15.683965310824183
23.975182923470353,1.9781942917405435,13.88904561759632
21.785246408388392,4.041070367120658,15.777082514002448
50.096497511797665,44.658943889908706,9.91078710233454
25.055903632953452,28.054835376725954,19.105757330634546
49.882393082439954,24.447365373781597,8.484574452671513
34.60831088787824,23.436273185653633,17.780310143032157
40.259679465690034,9.613982223397393,15.489971578439883
38.11975726213865,21.67821901860703,26.66848294788678
12.815331285644016,4.492206166870239,14.312074641577563
36.36735337383278,0.9065907110438842,13.340423990420343
21.454168642022037,3.678421591459764,15.884248954874932
20.240409983559765,21.924967124926106,16.21380633337402
21.33631985068385,11.803978789445718,20.28016431822412
31.460615580127527,13.356824816773774,16.031641466767276
55.45654761479275,7.231448471122023,21.253952675160306
47.49025385659298,5.180560940997742,23.030834541935274
56.116716890024016,8.865087355852548,16.434626896884385
18.44364266049854,3.48271604136783,14.69056835723222
57.99350341255433,14.03879068840866,13.141533077964729
11.736945397017212,6.9351194673375085,9.585275308905317
28.453107446610193,0.3436838571580214,17.053979028020965
38.59658999334725,17.442504979047104,22.166926797608866
27.190196194951106,3.49917562039947,13.329118924263772
28.288113075673397,36.34969223749789,17.217699780202892
41.838751238781335,13.283486215804299,20.11477265564468
41.81468222316688,9.051433352392507,19.72061524162281
30.120271916051745,21.515640558727462,19.346004123020233
42.05826087564145,50.95625860898054,14.074955391764293
11.338733802665148,4.3712679410836905,15.332351222405528
51.017924300338535,9.22641270688275,12.069202980489893
24.64053654342016,0.0,14.737946803762238
56.35156026452368,8.028511636380204,13.788240801538947
52.37363077766474,24.44295750435657,21.7495597500671
40.09765816928657,47.26872927395017,15.932791652427786
55.19071316888741,5.573377186970623,13.839118721735
35.9421666124397,2.9150213491255723,19.51782479117908
22.890820227110723,20.549521182012853,14.503487543660333
52.36239587093884,13.412510407745627,17.67879192216564
23.884899996630825,2.7360932000210094,15.01523902217062
32.56081035817957,24.787298384897376,11.108466686062759
51.02663596843157,3.8638911427415574,15.634725451976179
26.228618012252156,10.21599599042213,13.199291991289174
58.88542935340084,7.018578625903172,15.411762319207895
48.52257228372826,9.91216201383078,16.65026587190359
13.037753817528214,0.4254652548058148,19.19345760608654
30.325052360656706,0.26406685522405704,15.170223017659731
46.37558863956195,19.555497329769924,16.143369568902923
41.210448771529656,17.97723195391943,14.151479336059696
14.360819428347213,0.0,20.337651383309986
46.2508376811535,2.3012763189626915,16.147383596605337
20.10415431418103,7.18020714411444,19.489146982289945
49.846967019535015,0.5275831967594377,16.394884052194598
55.78461955896343,30.358660179445224,15.70806091221289
37.975347095069516,22.517695133106617,15.004527204277299
12.103270197120159,0.0,14.3140949859751
38.1252317688518,0.23488899876024905,15.734824068447217
57.18319304159651,0.0,16.286058172540727
12.18558533312279,10.200425898289751,10.534612267087962
26.962225195417094,6.288472892980046,16.883380590874612
51.95598914233832,37.74363808904567,20.9765043760394
18.445911985710225,1.9246228493329403,16.214745998473397
55.43182014475515,12.554522509927963,20.80652916405568
50.9644408371985,3.6237887266879887,19.036146533298773
53.474945110058194,6.946088420465687,19.525967263802713
15.02143455505328,0.0,13.183017522777302
11.354471056131109,27.008780655317068,15.671488713868275
11.326845227196552,0.8285433527867324,15.024125956188126
40.47634075086168,7.748210063542039,19.257884461313637
26.02984812705596,24.37183754810132,16.389688886756396
44.854697343967395,5.75393382869373,20.288134604125773
16.231237203398493,17.739001172749973,12.012068334609134
27.70194020959908,25.109614711437132,17.01589344812054
45.657886196665075,7.570798941052863,12.490740629300408
36.18585453425796,11.109714347918285,12.95984644574276
28.650082269129896,4.3246638173674015,13.260340367253022
29.840513732859336,0.0,14.305588835821995
29.898960483495006,5.428059449979282,11.620849112979755
38.35266414440909,54.01353101311579,16.365639652486415
19.37690186237697,16.458159859744786,18.876538424109395
33.25657592323104,2.5001797444332263,17.311076023294692
9.382008153200752,26.615589537882638,10.4866255015827
25.31990299086213,2.579002561473767,16.86168459568423
55.19721943185414,1.697013265834402,18.782839850464143
43.32291649593494,2.4799143325465476,11.78083549718874
29.280482878588977,3.494259010042077,16.132912328400582
55.82402845904336,12.989442035529974,14.337899602228307
49.01044675638361,44.854121783011124,16.049767953236593
27.9375698272695,2.986048995886072,12.556936598729152
45.844369470950674,10.258503739005107,10.094708622592869
17.95888838826342,2.1893769824495894,20.315164944121516
28.250772934086314,3.0086801765136224,20.409177872561326
35.40737191310183,45.02294542870277,16.891923685044468
21.21365460908805,6.861337216203254,17.114380279413133
32.337782497009464,1.6177055467650783,16.22976717331037
50.6588322616934,7.103891862478521,12.885604533308998
25.93361201353216,7.922165225313063,15.508248620348553
43.306199551209225,2.1425671060038614,14.640290821779562
49.046356358070945,3.201400287571936,16.084248332804172
53.56165821425522,40.07690206346455,17.200450542750108
37.96811021041866,3.2000898067528754,18.096643488535804
33.74908108093352,4.962650989505556,15.622115212072128
22.55254187909713,1.8036825962947691,18.240940953010718
33.56539258970623,7.670628473045301,16.35254313474643
55.82443952565361,23.273408778949797,15.481598901306494
33.260189785062614,18.633692347415728,13.916253963998663
52.336654989834024,16.868112436732225,18.339982519240678
53.240069269172025,14.258255184391649,17.269568487466472
36.83971607630703,4.899847066319621,13.065348997218786
60.75247553742955,10.14375511358916,17.443611637677833
55.76542117762429,0.9906338639473529,20.154139459444217
50.84233602442798,15.74435364245869,17.33001456572029
26.389639990867508,2.2393855718651143,14.666834671974678
9.549579901437568,1.6727173592585782,17.321225080611775
39.33037277859545,1.3901833302747781,22.257782919955282
29.167706425056476,12.199533441690992,15.976215413089525
49.80995210182097,19.631352444305453,18.559355542219713
49.203996404886354,10.97886731899293,10.153598280415666
11.348747058919788,48.18335842085445,15.239882967281599
42.86366741026916,10.922710356725617,20.91316579978458
18.898035861124825,4.0546993530054944,23.567429419857106
37.06359970076141,9.615827110343934,22.795110301802392
51.21391571155657,1.261579903972458,13.276532973944652
56.60918270267592,26.663234793345097,11.157997685552374
32.978059700669746,3.5737397216961027,14.75216637051061
59.39701607991321,29.62664425065475,15.664555775634744
29.5791398877316,29.55654731376479,14.998317116880399
38.03023589279546,1.1514448002625999,13.514826257178344
36.54235530837429,3.1290433811112623,13.711259014260444
46.51200994973254,8.989421269828398,13.383447200249686
26.764920051038192,5.121805782336162,14.920891043684458
38.80486641179301,7.639317602322818,10.113826198909987
36.673506645785224,5.128327410470257,15.336878340589498
32.862523268048754,16.417869706828636,15.240688748515804
20.38737865774936,3.792432621754453,20.723110848100028
11.614430435182644,3.250708664898959,17.3257641077103
34.55692621606958,0.4340048314463688,17.516133257618314
18.89299651840605,16.755471136355503,21.103181718451843
24.401908029930294,3.1741174110075,11.576845438044991
37.371449033290546,1.8323702816733536,16.830123214579864
30.64629359447728,8.744340265753063,16.097947188361907
17.57681250877147,10.356148343061518,11.573710631000242
41.16948374042524,7.870764289537723,17.257597682951356
16.668953142850768,1.9073952269998433,16.77345619676583
59.16893414906355,36.08849713713411,12.824582489685183
31.329638521486505,1.403120638014904,19.026196439869377
36.32220064298201,5.289810520227523,19.85813189540877
24.183864734853167,5.50551260606965,16.873742014267386
18.633981101903316,29.67621397822107,13.903819969072744
21.04069731052802,0.1930758010011877,14.540214360639057
34.409960764502074,7.212037568312308,15.728937369563566
48.512581684398064,20.74718251669068,17.004279405754954
45.82920818064349,4.279296264738999,14.477056946574752
22.490792569845244,21.606050759441054,19.38569454879208
14.678322642123645,0.18219546510135376,19.12875525509331
31.62606554805435,1.3270752144611326,14.231995560590061
44.21542077741951,5.672797898391056,16.707184030654965
30.624445941962193,4.146257997272851,13.99410662404763
41.43680994339113,0.9665976892175709,13.08559996153678
56.819401825407,5.6108588542015845,14.788508542394085
58.02530551477309,3.4569932295293824,17.508456588205465
31.694693226888994,20.63897775882694,20.418937736111292
23.06531454764078,5.8018008218889685,19.11677615505712
26.96521315653475,2.8523688226175063,17.139451828187276
32.199198758837106,26.188279170462387,13.379949746621163
10.215661836862786,5.09802345387427,11.07610020221265
35.2174908665454,9.719120088514188,16.725724041415543
26.81457418310871,0.0,15.824340826639478
32.28472280274242,10.470871536170048,17.043630101673955
27.77064237667641,4.706483431625432,20.329137642055688
36.48027188299676,3.430781228214952,18.30255719695998
33.019196815070124,0.1852330720620725,15.34001983495014
25.674271939911495,7.9533827863529005,16.06313456711869
45.01788966346827,2.4109922238480026,12.203149275117202
48.8642818556636,1.5626405331570785,12.978964709168931
15.298043668655326,7.4671204074269495,17.30342749019589
25.243717019764926,5.746461690583094,12.501807118554465
57.41617804615547,9.991783871894924,16.298650431631692
41.07009095177701,13.44235353213868,12.545711664559976
37.62035822881872,7.2279805440598,14.937531576732026
34.31226781708259,25.841103853535593,18.141420444606243
37.78991868418283,1.8403411986612475,15.818746553802672
42.349897920291745,15.01086915335909,13.046089964718144
42.054332680354214,4.780091108638491,18.299186441472507
36.61625472036413,17.628744336456936,13.352980630968545
45.6121395421539,1.6054930098170976,19.886517970524462
45.89773938166879,2.5849315804558084,12.915792536124258
15.92123062896216,0.40908291233232497,16.50861158097868
56.66529927002946,14.589816859018532,17.6614884374237
55.357501551787486,1.861065563591583,16.636254284333504
23.64409312904289,5.843026779010743,10.141964944037348
39.672713155010584,6.230282423786017,19.745458452312487
56.27154661254793,15.789023306576127,12.134004148349675
24.286707729997804,15.003615661817694,15.854708805392399
44.14621098878883,20.486278879323066,15.17619396165254
23.324306260917684,3.94549904541981,11.963956388103295
35.242208060464655,15.517241390770815,15.878541892619365
51.55136278410054,26.064843422431142,18.3311647151561
20.71055735792053,7.814423389863536,13.70523269829151
23.756931202903377,21.288044079670303,14.695201483482863
37.24068690099126,13.206291449418208,11.371687286698714
37.54426842532896,3.3668595359141014,11.05988574988501
36.248886969226206,0.9282070464911484,16.874184626297023
29.3709789464975,4.663263584624,11.914849498552543
41.53179507544648,14.107965355050752,14.14260987828171
44.30025155431753,27.22584021257389,16.05643177730331
39.9697990938599,4.148280796649445,17.34143749231045
39.856021936038886,0.0,19.687195650411244
50.646760839663735,3.574959803719667,16.932721431021164
41.516720391977714,2.346585199564245,12.125222585664762
35.828887060927045,8.026253288762145,15.240606112497597
17.351515933317838,2.9689370554686607,15.08902642402995
29.91951738310703,6.172106691676255,17.240859686472117
11.889078179376924,5.593882675496531,13.39196648750806
27.93759164167661,3.950775724419512,14.530752740958263
11.105769043014831,6.561687937109252,13.950156865157695
50.9887326948496,5.437041814312579,19.82044791843636
46.82887791822518,14.434557000007585,18.488735082968724
24.258968013490495,7.211070803912628,20.76353082745614
44.46683821577572,15.486983442186041,16.91265372165932
14.881934198190658,7.384026776527348,12.539764356295901
19.906562079679702,0.2684021756005046,18.181849639227064
55.53219063100603,2.73963464510623,14.930100151038788
49.02964364215966,7.838753694864185,12.264046090153212
14.565938796491182,16.983174769159074,14.780085136239771
27.31743334190116,19.357660706871656,10.314279917547648
49.44990689166674,21.63141457438877,17.682670413189463
40.6749522374739,15.653084268664113,15.588144157503278
38.38784922526234,0.0,15.099645008147025
31.408218647919742,2.1557611264540046,13.457508446332607
32.23351698779197,6.384963609972082,19.545209726529986
37.45049810996866,2.4804507800109086,12.931396594349257
31.943804513744826,43.78576749890752,19.959401728031573
26.293695209886113,0.30705084446012154,17.31051639029048
42.85867609192725,16.590163323438087,13.433009036502883
36.08093981701395,6.658683364100489,19.886198999524566
53.99665788154654,3.0876579060336056,13.167741114549683
18.25270163603853,34.956621050688646,17.668385874380935
43.63677101414828,47.16210415993592,17.799174279411133
28.279397243644823,6.722859668201757,15.342058203961422
39.0299099713106,2.434590877535358,13.709683359977985
35.4083174143975,8.299626883322077,19.420403454573737
34.797095689732686,6.74314820745985,12.088378187724707
51.1844724223483,5.376411227321826,14.951660632029878
21.953297381037004,1.0674522299423415,19.43741840083332
26.296391224393766,0.4372924940307461,10.301604625519305
46.50376180622072,1.6047132827606754,16.488644978948333
51.56606244213967,26.430267946810172,10.923840312579298
55.50085442118188,4.240507625728726,18.361466812382297
34.32880957038061,1.9694217547326978,12.055398242433585
43.09601245847218,7.807440428134482,9.664232067119748
21.761587311418232,11.428700247535645,17.110484569058375
51.13918482790582,16.095762946460525,18.432170805727047
16.749724700069606,4.878551259032334,19.87287867516025
18.45166708170972,18.83852509970623,15.793216973301377
15.22777825919297,2.5902481417206524,23.229855848644153
19.60967613826084,6.386261079801477,11.923274577862909
26.711981435812373,8.140232059161217,8.968717976828817
25.88102111195547,8.44007123143352,20.68703810897257
43.293526315217754,0.0,19.45764864607284
46.400706854838624,0.0,17.48687816699741
16.539611413707103,12.820081774882158,20.452376666089346
39.023354115542425,12.03917724145843,18.458423308895632
38.12669816026495,9.836756021951118,15.197015734510131
53.85713718421136,15.056835989234216,11.61914627917647
25.90977832824137,3.420667774444645,17.516580206582066
26.10445419836576,10.403350959694471,14.332042893846685
48.81858665132555,3.6769256954453873,18.350506158680336
28.537913458603892,2.9159761204209427,12.11937316967961
52.7820430305021,15.893631772006279,13.205297029800866
17.949936348707073,2.3224784199981974,19.35095993836467
12.803523061359362,24.192207913841962,17.858502115899878
31.15979131105335,3.878428169869208,23.24799611203171
32.611239539743124,34.23239619156042,23.270332918013363
28.369958530745954,16.42299066727174,15.278772926270987
53.31502489197672,10.766798356470069,13.246330134719233
51.31526122754429,16.679924964575438,21.271326432559764
54.32172978927891,5.463787572940998,14.139206791060396
40.633659893135864,28.27135889745074,15.884355167605216
41.77001099887567,9.669035128517868,9.646999227872533
43.183458865475224,10.434433927688739,15.338641084160281
47.51973266286025,51.05331496546857,8.785501199484958
42.2588912710623,14.463434800308951,18.360567917878075
16.407371708208363,21.59605343563906,17.069062370638143
49.37285778784046,11.989192656703471,16.812978164943047
35.75364231781118,1.2476296374512135,17.22615994986173
18.40309867197757,0.3399701856904102,16.38108436677273
36.75545114615698,9.486184155879814,15.965175674751135
46.98214992922829,21.775821525691363,10.160264240905141
17.218841793236244,12.656889333559619,12.846693864249657
24.583130830911557,18.705871666227107,16.904935617664528
24.179670596717617,5.011565034545621,18.61845641393975
16.697763552033834,11.251218722134464,15.525962036690373
59.04798163015786,1.9676383058389235,13.827135574365386
40.47125797619797,28.738629499882272,13.407585718050065
13.887957159288248,2.90924372319155,21.089526025672743
18.89995757311638,16.212000951620446,12.56337196533893
47.477226720034274,1.9770964366063515,15.094963924614698
57.0360130655291,1.2833820337287212,12.856175901672483
14.197215226427735,22.445506722883955,15.909959136408359
18.21994850655677,11.581098658769593,12.808881914002967
54.46202124989813,30.676407720329056,14.667490916661691
52.687195354641844,3.68843377939249,16.135227106170593
24.757796262459067,89.77203195607042,17.554708878429597
45.19277753019355,7.5041680665679635,14.566158210612395
24.347302783554966,11.651792478509144,22.079714647846433
45.883984766560125,14.638811796842376,17.084465086598172
49.493583955112975,2.190945750060205,14.629221146876171
13.412443498803517,0.9978051782814112,21.5950093282296
28.906987565529512,1.9519987591050354,13.653311692869067
44.084325419272055,16.754369091894542,18.907631275364363
46.17105242017186,17.277103517835474,16.47848134874686
22.27800770441518,33.3658576786992,18.626601825328443
28.922866085738903,5.527796899818682,18.46841420637056
26.08566277803604,15.809732688728946,12.529070773999536
9.288052138306385,15.234054728684129,16.448849871018542
57.9259908732247,38.438697389179744,15.643133400098995
49.918092324824606,15.260480214044552,17.156234567142153
32.69811542103406,1.3113737430879753,11.902250214358146
14.953627791888836,5.602178431515868,15.802683608957429
58.255097951310745,10.996561083206187,13.41545489731971
48.79553747443643,14.320550850529242,11.118615402043208
42.83293802914569,1.8739407106840764,16.97657261934801
43.733081639787294,39.05371113575253,11.580151145108164
40.604269549855296,8.747915670491995,16.344598074138297
32.05227683730497,37.24548187501266,13.764860882024726
31.113031078540573,6.402929104754081,15.014312479388519
10.456559228802895,3.777839688557176,20.792383889660293
29.63784871686686,5.139361661800154,17.840107956193084
29.947722391183945,3.2317077763157576,9.758193416634464
51.93378185610855,23.66322828426395,13.363810487349191
40.50585564331415,3.7686293561830224,18.9717101873073
31.05840069586557,26.065341584653083,15.326014700182972
45.30646829808816,5.225451530568356,22.83508931973656
30.562215882199133,11.598742398127753,14.419936476174465
38.82310151295546,36.32929897770398,19.967321989616543
11.811007624614742,5.573823361874652,14.619710431009098
58.45211669144221,16.347920146468997,17.49059791869925
57.627710728290204,5.363941233813927,8.275331930268527
44.461885141205855,13.547569867952891,13.81021899874076
38.08299314692417,4.736403569371236,13.644225236299125
45.76977648286647,24.803524931105326,15.100930421636194
49.09534195239657,4.334116762801263,11.932788841569211
43.14703847924859,0.40353847136607757,18.601512564060457
30.58206927863048,2.996105240481673,17.71949742066079
29.436195688403384,0.0,15.159600252157349
25.822007442400253,28.33405219216619,20.589316193672126
51.01848162415375,16.342640076209914,15.671356391458536
19.312022322762438,4.985665279828653,14.026743901315925
36.66468973796038,13.121414897897294,21.35385992851667
24.25541486804603,2.0049944169637683,13.262286163283587
20.931023879570464,0.00992487346601778,18.500428619863552
27.398694375196552,24.554387017335372,15.233745091854452
32.03158368730819,7.187692852016314,17.572737062503425
38.62991307099208,2.8815181515813384,9.999438178225914
57.52537231059995,10.218908530409987,23.01838828054879
14.007816055587611,4.937377730201849,12.907661033473028
23.948495798621032,7.314311994815702,11.617068519915525
32.1895351265671,3.3323784347156984,14.47756972002931
52.27214344341099,1.5614731899937864,18.42352770519059
44.23651381909216,4.084953612544463,16.48388895464314
36.62836127764873,0.0,15.29331741009242
18.094194385966524,16.277835025351287,15.652503701825488
28.828056103474854,3.167898273774818,19.98624679049479
44.154485465564065,8.856841661301425,16.144183400812445
36.93500385866305,0.4947015969122694,13.472863932178555
20.66455440854865,4.028172291301708,18.509975276914016
46.71776870824149,6.948768473758548,20.204927383853736
39.460150305604635,3.3678904365545956,15.47834197554847
17.385482950235243,1.448720800055458,21.64865798654178
26.16130120217025,6.951868080409565,19.36000165227363
47.29978435182247,3.4338240248600433,20.69601774165397
41.24446173747319,3.154076723093251,16.464802451864493
52.31524762056888,8.534076941214941,16.812584011454508
39.6834022833437,0.48642474641445943,18.823371498034987
14.972238879399306,17.632534587823987,17.11664771766076
32.90435816259099,0.0,13.097827841823355
57.374395295761815,1.860670622281889,19.08829204615068
54.86528075423933,13.595078450605088,19.090607015946425
45.799000196745915,35.38918377406526,14.780920958791723
14.835250854511012,18.50325768054443,10.536919518594532
44.85270706325086,4.859854098152092,11.668293741547249
27.43489384874045,6.4315187908067255,14.9276715561079
40.5864284263129,11.282815617369607,21.55493077621475
10.53533434168862,1.8076486107756076,17.211647890306907
44.715337679893494,20.225275674433934,15.17964372067558
24.95372525068731,25.283368731809944,19.102275297329147
52.766747631967675,1.005323790360743,18.053714351986205
11.959229211591094,1.649750660085266,18.79914148038176
48.39221754623939,13.014546974154772,15.395066591297327
36.917344367669344,3.662285162627854,15.467737577730263
53.91666197271415,19.858353874617677,16.658981367628172
52.395076093133724,3.616133442076336,14.59571511280136
37.78127585046413,2.629156060027067,8.498656135367995
23.780074661112977,0.33913445619975024,10.986453018285411
21.85664852243796,1.8899250419358213,15.387274889702432
42.01760552661972,0.5668284203164118,11.751075273313099
51.13954242654634,3.080020112786369,16.581734658447694
58.3383847189433,2.73121581781046,14.745764412022414
47.623926406706616,3.4066615278827803,21.559803848694273
15.315882641817048,8.550254046386343,18.828150745734952
18.39037494106523,17.78359124474233,14.071939978536669
47.27620508163703,14.851649110612714,16.731116709747976
26.09043109018998,6.197244712309118,17.73159614931469
15.192011686955789,0.3444240051289512,12.775342483500287
37.56167689057925,1.8412616483468673,14.246303061278246
22.123404226752978,3.3913232101273385,16.95395829213014
40.27280235119952,14.586068034830323,15.891191032269594
50.4280084565325,4.521747218580262,19.500066757649584
23.50040486893106,9.619128525468989,13.673690274528395
11.704605030090445,2.5714706234795446,16.566012579263386
35.01305793645707,3.322408814158681,17.817945288238143
31.25533646899832,42.346786276464606,13.046539454543506
31.036887971390996,0.6930946077630901,20.07806972123705
60.67991990542093,0.7135151448811652,15.585578346639618
38.06780516565379,22.962221889996094,15.112994238703632
25.836369200639034,0.0,19.863018823743445
9.962952866411213,3.3704460140804393,15.518298273679838
47.352438990033626,6.205940251939313,19.659651942002004
42.9228482256523,8.022661799406862,16.235395766889177
25.40578428272129,2.6672056899161287,10.293337276267241
21.5482374973997,21.020353314128275,21.58852763911958
24.509143864158606,1.0206352402106533,18.80049845152236
29.195050445159215,0.0,15.9704695168519
43.36119513287997,10.691406502423392,13.287893576762972
17.696726333187403,6.024463255767148,12.433299339586158
16.684980514919925,10.9286650786864,11.70645804408768
52.5963510070256,11.238079123161627,14.235186815261645
52.13017662959588,16.76838170747784,13.374461610234336
56.748321277840034,10.25589329808318,22.807861274335664
25.375728355710933,3.579497808977373,14.987012398384199
38.11057865710579,5.914254276936353,18.293783493806238
57.77687958609003,6.940871972425439,10.312182045215348
31.360511626425296,7.911035196840926,12.465644228948202
40.72538940838555,0.9128351360281317,14.335964153126419
36.951200132553936,9.302114015002529,16.611605438082524
16.17023185122484,18.708131620758916,13.962582331545548
26.71925185957466,7.2820750146889965,10.609148327756232
43.933818218199505,6.73472968875746,17.40373765773962
48.45610702743268,7.291388953503425,16.824638441154548
33.592265836836596,3.31031768702574,16.22490830127077
38.5798382215435,8.206537462327642,15.494709991531959
51.178799861078815,14.294048479749835,16.625962585851386
19.726365601718694,0.0,17.028923414777097
14.075730916576216,4.6307357571774705,13.921214913163833
56.76858294375013,0.15890707599226161,16.404292198015032
32.32416354909721,0.0,19.607049168912468
12.691439080482946,2.94546969385502,14.74923695484169
47.542542284022716,44.71393076563728,11.440258185701765
12.725999381195273,3.88514817071955,15.123482983046692
28.696606723655567,31.90958928667839,19.226250792688138
13.887339093092951,3.3786705315008363,15.558221680980726
43.21556839450443,0.4482254846320385,10.623212884019209
41.29218899203516,16.19974179364996,20.230475091824715
42.13472182241904,6.20165571435819,15.539809981715123
36.01400077637448,12.009410955943835,19.086953866156414
29.57128613553292,3.3851198386932966,13.431973718574177
22.548320854011987,8.777859154423172,17.908890894660114
51.96985795161108,5.519804105561152,20.913842158354413
17.291098924314053,5.531774081913395,12.470529495249265
38.19715769230468,7.533574187887608,15.612168930896225
28.068943480296795,0.7761156520061807,14.487402978644788
34.137437398020715,8.312371096400955,10.66919765430959
26.130487623245983,0.4192623573555804,12.405409129372535
41.80614939881582,5.0551824157834115,16.737735823225794
48.31870367356405,2.7663138717402407,16.372882247675513
33.01508462032565,9.560583066726391,17.422998668866118
24.13349356737411,9.932914633241003,14.593692329052171
39.20609210438428,21.64248617641544,14.576821579248307
55.387038459392244,1.8617060022802876,15.787005097690962
38.0353107783706,8.649784779251794,18.486740415753985
44.32666644699879,3.881664347046186,25.490954709994465
27.56025029220918,13.277950023369756,16.087292261551756
41.65875297249758,15.568212324513159,17.699211758854112
10.453551944707778,13.98683290465284,13.789397001565952
33.46234146142548,8.269779584391117,16.26607085416719
11.443436045046077,5.217477916895112,16.926411887431733
12.904979749393775,15.766722203045402,18.67798578125116
46.63550633878515,18.353815326521794,15.929196377191051
39.42019196344626,3.4104256923076224,16.610503434373115
16.872420042203995,18.06475078246148,20.367170114824308
41.063808507279575,21.477400525348166,19.050867208183355
45.74400526085909,3.717399124175393,24.026253498897727
14.006135226452093,6.634697098061513,16.0117078035037
50.91896672921209,8.328844451624516,10.480351771293563
10.49811965047988,6.09649119332145,21.124081136526748
41.665932231903106,13.165557571537498,13.56177269387297
46.39405866910698,0.0,17.63120455630358
22.438480093295805,2.324795606205369,12.81831154050002
32.83685632582498,9.594223847390834,18.911323717293083
52.840075515164294,10.580145297983556,12.688244266529004
57.636637871599945,9.020669841911483,23.987430104903776
31.91522457250382,9.032848957777238,19.151478662816007
50.02363808231064,5.696163223071354,26.110396795398824
56.27705089198559,13.726814142536186,7.216642426288374
25.55775303083897,12.500379703451907,23.097586830517916
39.59729685502042,52.03091393183897,19.83803633226996
15.396540368594039,3.685505225104261,18.364282472561055
56.079934136368045,0.0,17.443010544143675
57.977574571030495,6.896861070800872,17.940018628465364
28.943805106905614,7.666348397687996,15.062286463664627
31.31243074100268,24.417223489519092,14.49896602998032
59.38593767314273,6.145545535705182,16.889274112821372
26.023062967993752,5.307653774656983,14.70419789617959
17.656802402086665,7.764419582792871,16.265107177490453
26.95941039874166,27.144144187983127,16.18624064683317
39.877862292490335,21.123825966268278,14.962687224869978
57.51317248362067,5.5260390733127815,11.067613481039537
17.510015764231557,0.0,17.41666055160067
23.453196765669723,2.362338890935532,9.838442446047045
14.930038902439266,5.123333814258309,25.38826000284083
52.305825866024485,6.542737508082202,17.333127158976918
23.44604149899372,5.500576061506164,20.462841772140308
53.82134406249698,1.782016396517809,18.30083005870644
59.048476217612354,5.527492220311803,15.757334535745262
12.906760327271266,24.32920065240309,22.72241677526253
48.89721700673048,1.521206775074878,15.827291965843406
40.4241790315,3.562660463831884,22.078129631274457
50.673566320612814,29.44305504663881,17.372156990607632
36.6970954703582,4.202770763989694,19.08810457224406
41.6478832473071,0.6592972300364699,11.13268210081091
28.211973845648455,14.177840782946769,23.61430177205505
24.54462937331154,40.67298384952297,21.906413324079693
40.47305585774716,2.6713165090885305,16.296468186285015
49.95887035422304,2.6907527642328155,13.270501656867243
20.32767685923204,2.3576071952373394,15.029430463225786
41.99860344880194,4.640662515414796,16.500420878761776
30.040054130584895,25.755594465041415,16.106480359447186
54.467887850911715,0.24544781291342066,16.69152149754054
16.226616289247787,21.406619219329205,14.868859093841653
53.62590261865026,7.068182442869178,18.520329393679297
41.044567315305144,1.059099589256366,12.96451331127643
39.819002503966566,29.342576007774568,17.15069280089506
22.904434753257778,20.68900585630594,16.93550328859675
39.93214191821048,0.37354044643856255,15.647164526240813
40.07391285565746,1.7707078555018514,14.607108351798496
38.43417908221652,0.569742225575899,14.109463387277867
18.58011872849534,8.401789406855842,15.57466488612031
31.268892780055232,17.092045920240995,18.135472725815177
56.122478249834025,6.894259325353811,12.775729148471557
25.21566205666927,6.3277229093506095,12.02130578593516
12.311860040522813,41.513995146616644,23.798367648227483
40.021266999750814,2.150456177416482,17.84035364790019
41.26622238797974,18.180019019450636,18.853042447955914
49.67205836087069,14.911186389775445,22.356347185442534
57.96856122066875,7.116598621371679,13.958814650607394
15.250723887314528,0.4745744692521813,21.17104794958622
14.626513542552877,11.771876443752546,17.01249633372759
56.72734918067588,2.825216320709588,12.428686041147548
14.440797511100023,5.705504213983581,21.113636123133976
46.37697222079606,7.663708234650238,21.231869271800655
49.49512920970896,6.701397325024852,15.071222502267513
13.55736797759286,14.737940185953391,23.730649603330676
24.277527185923976,20.107473524482355,17.25812366035463
50.886492216772645,2.2021814141025673,11.167113484544577
48.455420786657726,11.204351052652713,21.98858793450304
54.19187864090727,7.818528463577103,15.937048912572264
28.919321379790375,14.727638391244156,11.943672169947295
30.663191614711472,2.7165598098304238,16.678533214394772
39.162743832955975,49.81120112338675,10.397140109691769
37.707908270147705,28.723728295912586,17.667366522834715
14.447098061582244,8.65369417523771,16.1354532069923
26.04917064823043,5.182679034515872,14.386486596708002
35.42599075788651,5.313852774575922,17.909453777231516
43.658804163207705,7.985827950166662,17.196263379321362
22.775244672230734,4.0194435526806425,14.926634716322742
24.705482817322327,4.369850574561883,16.607805940453506
31.112491224206135,3.9498467480692296,21.22575499365744
50.29407721839721,0.49156948769201314,21.240132002636468
58.00035621079018,9.721558338509473,18.785717255893417
18.81578030563132,0.4620182530585285,14.366924120209777
42.797077679624465,12.217417463980302,18.828474747952445
20.219024006570827,21.16859279635948,13.09193794228398
57.66597091708767,15.062029156578737,18.0473214614059
14.540052988307846,7.35699911216428,17.577865669816873
9.056996430859051,4.133206647109836,18.52911756479533
14.822674908703112,13.23945245035374,16.11396070263543
22.683912132400852,18.46845866091257,12.082011778489893
31.40220778117551,5.883607113075343,15.477551821245605
17.054253780150226,7.625565177358267,22.48112515589434
55.21717838347156,2.4160733144900006,12.589696005263967
30.250487915984465,3.778503685541522,16.515891280049654
15.454711858287832,16.010551316231055,15.629955877068674
55.18869217516005,31.035299791222617,15.398692465058746
43.92099191054732,14.96349370048442,17.911663838715413
57.20193259824218,5.167577251643026,17.61900775879372
30.636807407913697,11.017867408041518,21.623441929093538
15.711569814803731,9.041687749679834,16.144354821777807
21.70724924704832,0.13954046698587108,13.991118421642351
